순번,의료기관명,의료기관종별,의료기관주소(도로명),의료기관전화번호
1,강남세종한방병원,한방병원,"세종특별자치시 한누리대로 2275, 알파메디컬센터 4~6층 (대평동)",044-863-7775
2,세종하이한방병원,한방병원,"세종특별자치시 갈매로 58, 황산프라자 3층 6층 (대평동)",044-999-1999
3,서울현병원,병원,"세종특별자치시 나성북로 15, MVG 4-7층 (나성동)",1600-5626
4,아름드리나무어린이병원,병원,"세종특별자치시 보듬3로 101, 5~7층 (아름동)",044-715-7200
5,세종경희한방병원,한방병원,"세종특별자치시 대평4길 17, 센트럴테라스 4, 5층 (대평동)",044-414-9599
6,세종충남대학교병원,종합병원,"세종특별자치시 보듬7로 20, 세종충남대학교병원 (도담동)",1800-3114
7,오케이한방병원,한방병원,"세종특별자치시 한누리대로 331, 2층,3층 (301~315)호 (나성동, SR파크센텀)",044-1668-0090
8,트리니움여성병원,병원,"세종특별자치시 한누리대로 1934, 메인타워 (반곡동)",044-270-0114
9,의료법인 영제 의료재단 엔케이세종병원,종합병원,"세종특별자치시 한누리대로 161, 세종시 NK리움힐 상가 1~8층 (나성동)",044-850-7700
10,단국대학교 치과대학 세종치과병원,치과병원,"세종특별자치시 도움8로 87, 단국빌딩 1(일부), 3층 (어진동)",044-410-5000
11,의료법인은혜의료재단 은혜병원,정신병원,"세종특별자치시 연서면 효교로 135-16, 은혜병원",044-868-5004
12,운주산성요양병원,요양병원(일반요양병원),세종특별자치시 전동면 모산고개길 96-25,1544-0240
13,조치원노인전문병원,요양병원(일반요양병원),세종특별자치시 연서면 도신고복로 789-17,044-862-7607
14,의료법인 씨지예스의료재단 세종중앙요양병원,요양병원(일반요양병원),세종특별자치시 조치원읍 섭골길 37,044-865-0066
15,본편한정형외과의원,의원,"세종특별자치시 한누리대로 1844, 행복드림타워 3층 308~313호 (반곡동)",044-715-5900
16,브릭스피부과의원,의원,"세종특별자치시 소담로 87, 6층 602호 (소담동)",044-715-7587
17,세종 장내과의원,의원,"세종특별자치시 나성북로 15, MVG 2층 204~207, 211~212호 (나성동)",044-715-7554
18,경희정한의원,한의원,"세종특별자치시 보듬3로 8-20, 세종한신휴시티 2층 209호 (도담동)",044-715-5489
19,보람솔한의원,한의원,"세종특별자치시 한누리대로 2149, 엔젤타워 3층 305,306호 (보람동)",070-4355-6772
20,세종365믿음정형외과의원,의원,"세종특별자치시  세종로 1229, 스타플레이스 201~209, 301~303, 308~310호 (고운동) (고운동)",044-866-7582
21,해밀바른정형외과의원,의원,"세종특별자치시 해밀3로 51, 스카이허브 7층 701호~703호 (해밀동)",044-715-5755
22,바로한의원,한의원,"세종특별자치시 조치원읍 조치원로 24, 2,3층",044-865-7583
23,세종참빛한의원,한의원,"세종특별자치시 보듬3로 143, 대영프라자 402호, 403호 (아름동)",070-4118-8872
24,퍼스트아이소아청소년과의원,의원,"세종특별자치시 갈매로 740, 201~207호 (해밀동)",044-905-1110
25,가온산부인과의원,의원,"세종특별자치시  나성로 96, 520-526호 (나성동)",044-864-3552
26,류마플러스내과의원,의원,"세종특별자치시 한누리대로 499, 청암빌딩 401호 (어진동)",044-715-7550
27,더본한의원,한의원,"세종특별자치시 소담로 93, 아이콤스타시티타워 205,206,207호 (소담동)",044-862-7506
28,정담한의원,한의원,"세종특별자치시 한누리대로 245, 에스알파크원 203호 (나성동)",044-864-5657
29,청담와이즈의원,의원,"세종특별자치시 한누리대로 499, 청암빌딩 403호 (어진동)",044-868-7575
30,가온한의원,한의원,"세종특별자치시 한누리대로 492, 청암홈빌딩 306호 (어진동)",044-866-1998
31,세종대왕한의원,한의원,"세종특별자치시 도움3로 105-5, 종촌 중앙프라자 204,205,206호 (종촌동)",044-863-8279
32,세종미체원365의원,의원,"세종특별자치시 한누리대로 1834, 401,402,403호 (반곡동)",044-865-3651
33,아워스한의원,한의원,"세종특별자치시 한누리대로 253, 에스빌딩 202호 (나성동)",044-905-0445
34,라메종의원,의원,"세종특별자치시 해밀3로 43, 스카이드림 503호 (해밀동)",044-715-7878
35,경희피어라한의원,한의원,"세종특별자치시 아름서1길 13-12, 세종 제이디빌딩 203호 (아름동)",044-864-0712
36,백룡의원,의원,세종특별자치시 금남면 채나무길 71,042-829-6171
37,백룡치과의원,치과의원,세종특별자치시 금남면 채나무길 71,042-829-6171
38,세종서울정신건강의학과의원,의원,"세종특별자치시 보듬3로 143, 대영프라자 603호 (아름동)",044-715-5432
39,세종정신건강의학과의원,의원,"세종특별자치시 한누리대로 350, 뱅크빌딩 4층 404호 (어진동)",070-5029-1449
40,서울온가족치과의원,치과의원,"세종특별자치시 한누리대로 1844, 404,405,406호 (반곡동)",044-862-2275
41,세종이엠365의원,의원,"세종특별자치시 국세청로 32, 마크원애비뉴 D-406,407,410,411,412,413A,413B,414A,414B,415, C-401 (나성동)",044-863-7119
42,싱긋삼성이비인후과의원,의원,"세종특별자치시 다정중앙로 52, 페스티발2 507,508,509호 (다정동)",044-998-9274
43,세종해밀한의원,한의원,"세종특별자치시 해밀3로 51, 스카이허브 402호 (해밀동)",044-715-5488
44,박정준한의원,한의원,"세종특별자치시 고운서길 7, 골드프라자 202호 (고운동)",044-862-1070
45,이은석한의원,한의원,"세종특별자치시 한누리대로 2165, 호려울마을7단지 근린생활시설 A-424,425호 (보람동)",044-903-1229
46,화인마취통증의학과의원,의원,"세종특별자치시 한누리대로 249, 에스제이타워 508,509호 (나성동)",044-715-5875
47,연세하트내과의원,의원,"세종특별자치시 새롬중앙로 59, 새롬빌딩 5층 502,503호 (새롬동)",044-715-7580
48,에스지연합의원,의원,"세종특별자치시 갈매로 58, 황산프라자 5층 501~511호 (대평동)",044-864-9991
49,강남세종치과의원,치과의원,"세종특별자치시 마음로 264, 고운프라자 2층 205호 (고운동)",044-864-8111
50,로안한의원,한의원,"세종특별자치시 한누리대로 1844, 402,403호 (반곡동)",044-866-7579
51,퍼스트한의원,한의원,"세종특별자치시 나성북로 30, 퍼스트원 628,629,630,631호 (나성동)",044-417-7875
52,세종온정성한의원,한의원,"세종특별자치시 나성북1로 12, 메가타워2 301호 (나성동)",044-866-1207
53,허브힐한의원,한의원,"세종특별자치시 해밀3로 51, 스카이허브 3층 301호 (해밀동)",044-862-7975
54,아름튼튼정형외과의원,의원,"세종특별자치시 보듬3로 92, 해피라움2 3층 301,302,315호 (아름동)",044-715-5375
55,코난소아청소년과의원,의원,"세종특별자치시 남세종로 73, 1층 109,110호 (집현동)",044-715-7551
56,어진서부한의원,한의원,"세종특별자치시 한누리대로 411, KT&G세종타워A 2층 3호 (어진동)",044-960-5333
57,연세더아름의원,의원,"세종특별자치시 보듬3로 101, 2층 203,204,205호 (아름동)",044-715-7911
58,마음현정신건강의학과의원,의원,"세종특별자치시 한누리대로 275, 형성프라자 6층 606,607호 (나성동)",044-862-3217
59,범지기한의원,한의원,"세종특별자치시 보듬3로 101, 2층 201,202호 (아름동)",044-998-0700
60,김종열한의원,한의원,"세종특별자치시 한누리대로 2275, 알파메디컬센터 3층 312,313호 (대평동)",070-7576-7077
61,꿈담소아청소년과의원,의원,"세종특별자치시 마음로 264, 고운프라자 2층 201-1호, 201-2호 (고운동)",044-715-7545
62,더블유세종어진건강의원,의원,"세종특별자치시 한누리대로 350, 뱅크빌딩 4층 401호 (어진동)",044-715-5262
63,중앙소아청소년과의원,의원,"세종특별자치시 한누리대로 2257, 판타지타워 404, 405호 (대평동)",044-715-7475
64,손근형소아청소년과의원,의원,"세종특별자치시 나성북로 30, 퍼스트원 632,633,634,635호 (나성동)",044-715-5975
65,세종위드정형외과의원,의원,"세종특별자치시 한누리대로 265, 명동프라자 7층 701,702,703호 (나성동)",044-715-7574
66,봄봄 이비인후과의원,의원,"세종특별자치시 마음로 78, 세종 스마트큐브Ⅱ 203,204호 (고운동)",044-715-5915
67,메디캐치 정형외과의원,의원,"세종특별자치시  마음로 272-17, 세종 NS타워 3차 4층 (고운동)",044-417-6273
68,메디캐치의원,의원,"세종특별자치시  마음로 272-17, 세종NS타워 3차 3층 (고운동)",044-417-6271
69,연세나무 정신건강의학과의원,의원,"세종특별자치시 나성북로 30, 퍼스트원 533,534,535,547,548,549호 (나성동)",044-865-5272
70,아이맘편작한의원,한의원,"세종특별자치시 절재로 194, 중앙타운 5층 512호 (어진동)",044-864-8375
71,윤빛소아청소년과의원,의원,"세종특별자치시 해밀3로 43, 스카이드림 303호 (해밀동)",044-865-8124
72,동행정신건강의학과의원,의원,"세종특별자치시 절재로 194, 중앙타운 704호 (어진동)",044-867-7579
73,소담에스정형외과의원,의원,"세종특별자치시 한누리대로 2022, 아이콤스타타워 301,302,303,308호 (소담동)",044-867-8400
74,위하는내과의원,의원,"세종특별자치시 한누리대로 1844, 행복드림타워 3층 301호~306호 (반곡동)",044-715-5110
75,세종이지항외과의원,의원,"세종특별자치시 한누리대로 331, 3층 320~323호 (나성동, SR파크센텀)",044-863-6131
76,서울봄빛안과의원,의원,"세종특별자치시 한누리대로 265, 명동프라자 603~607호 (나성동)",044-865-1400
77,서울아산재활의학과의원,의원,"세종특별자치시 절재로 194, 중앙타운 4층 406호 (어진동)",044-715-7591
78,동경한의원,한의원,"세종특별자치시 소담3로 8, 새샘마을7단지 근린생활시설 1층 5호 (소담동)",044-865-7573
79,송창헌내과의원,의원,"세종특별자치시 한누리대로 275, 형성프라자 405,406,407호 (나성동)",044-866-0966
80,세종장사랑내과의원,의원,"세종특별자치시 보듬3로 158, 아름메디컬센터 4층 401~405호 (아름동)",044-715-7520
81,세종톡스앤필의원,의원,"세종특별자치시 한누리대로 253, 에스빌딩 501호 (나성동)",044-414-9200
82,백헌한의원,한의원,"세종특별자치시 한누리대로 1828, 시드니블루 407,408호 (반곡동)",044-415-1802
83,세종스노우의원,의원,"세종특별자치시 나성북로 30, 퍼스트원 550~562호 (나성동)",044-903-3090
84,유디치과의원,치과의원,"세종특별자치시 나성로 38, 세종가로수길 A301,A302a,A302,A303호 (나성동)",044-715-7188
85,클레르피부과의원,의원,"세종특별자치시 한누리대로 1820, 왕관빌딩 401,402,403-1호 (반곡동)",044-715-5910
86,마인드랩공간정신건강의학과의원,의원,"세종특별자치시 한누리대로 265, 명동프라자 406~407호 (나성동)",044-715-5670
87,세종꾸러기소아치과의원,치과의원,"세종특별자치시 한누리대로 2012, 코끼리타워 301,302,303호 (소담동)",044-417-6991
88,세종바른유외과의원,의원,"세종특별자치시 한누리대로 169, 세종행복타워 503~505호 (나성동)",044-998-7575
89,삼성밸런스이비인후과의원,의원,"세종특별자치시 아름서1길 13-12, 세종 제이디빌딩 201,202호 (아름동)",044-715-7517
90,오케이마취통증의학과의원,의원,"세종특별자치시 조치원읍 새내8길 7, 3~4층",044-867-7575
91,세종수이비인후과의원,의원,"세종특별자치시 해밀3로 43, 스카이드림 501,502호 (해밀동)",044-715-7730
92,삼성미의원,의원,"세종특별자치시 도움1로 108, 몰리브(Mallive) 4층 405~406호 (종촌동)",044-868-7570
93,세종센텀한의원,한의원,"세종특별자치시 해밀3로 43, 스카이드림 3층 301,302호 (해밀동)",044-868-6882
94,세종스카이내과의원,의원,"세종특별자치시 해밀3로 43, 스카이드림 6층 602,603,604호 (해밀동)",044-715-7320
95,연세해밀치과의원,치과의원,"세종특별자치시 해밀3로 43, 스카이드림 504호 (해밀동)",044-863-2879
96,유스앤영서울뷰의원,의원,"세종특별자치시 나성로 96, 더센트럴 519호 (나성동)",044-715-5199
97,세종365의원,의원,"세종특별자치시 한누리대로 1958, 법조타운A 4층 401~410호 (소담동)",1661-3561
98,당신의치과의원,치과의원,"세종특별자치시 해밀3로 51, 스카이허브 404,405호 (해밀동)",044-862-0028
99,허브연합내과의원,의원,"세종특별자치시 해밀3로 51, 스카이허브 303,304호 (해밀동)",044-715-7588
100,마음편한치과의원,치과의원,"세종특별자치시 남세종로 458, 아리랑빌딩 303호 (보람동)",044-867-2804
101,여담한의원,한의원,"세종특별자치시 도움8로 91, 세종마치 402호 (어진동)",044-715-5868
102,세종365치과의원,치과의원,"세종특별자치시 한누리대로 245, 에스알파크원 402,403호 (나성동)",044-715-5365
103,이도치과의원,치과의원,"세종특별자치시 한누리대로 275, 형성프라자 501,502,503호 (나성동)",044-867-7525
104,덴탈365치과의원,치과의원,"세종특별자치시 한누리대로 1958, 법조타운A 3층 301~310호 (소담동)",1661-3275
105,삼성필성형외과의원,의원,"세종특별자치시 한누리대로 265, 명동프라자 3층 (나성동)",044-867-1233
106,리더본재활의학과의원,의원,"세종특별자치시 나성북로 30, 퍼스트원 6층 648호~655호 (나성동)",044-865-0700
107,태이재한의원,한의원,"세종특별자치시 한누리대로 2009, 펠리체타워2 203호 (소담동)",044-415-1919
108,블리비의원,의원,"세종특별자치시 한누리대로 275, 형성프라자 301호~303호 (나성동)",1833-7390
109,연세미니성형외과의원,의원,"세종특별자치시 한누리대로 273, 새롬씨티 502호, 503호 (나성동)",044-867-3655
110,크리미의원,의원,"세종특별자치시 다정중앙로 46, 2층 (다정동)",044-715-7750
111,세종튼튼한의원,한의원,"세종특별자치시 한누리대로 2257, 판타지타워 205호 (대평동)",044-868-0020
112,자인한의원,한의원,"세종특별자치시 새롬중앙로 63, 세종온누리타워 202호,203호 (새롬동)",044-272-8875
113,세종시청점오라클피부과의원,의원,"세종특별자치시 한누리대로 2143, 금강시티타워 204~206호 (보람동)",044-715-7716
114,굿제이산부인과의원,의원,"세종특별자치시 절재로 194, 중앙타운 303호 (어진동)",044-715-7677
115,센텀비뇨기과의원,의원,"세종특별자치시 한누리대로 2149, 엔젤타워 404호~407호 (보람동)",044-867-6553
116,하늘소아청소년과의원,의원,"세종특별자치시 한누리대로 1820, 왕관빌딩 302,306-1,306-2,307,314-2,315호 (반곡동)",044-867-5151
117,앨리스치과의원,치과의원,"세종특별자치시 한누리대로 265, 명동프라자 5층 (나성동)",044-417-1511
118,세종조은내과의원,의원,"세종특별자치시 한누리대로 1828, 시드니블루 401호,402호 (반곡동)",044-715-7570
119,노블클라쎄산부인과의원,의원,"세종특별자치시 한누리대로 2165, 호려울마을7단지 근린생활시설 752동 A302~308-1, A315~A320호 (보람동)",044-866-3575
120,바른뿌리치과의원,치과의원,"세종특별자치시 조치원읍 새내8길 7, 2층",044-868-2804
121,유웰비뇨의학과의원,의원,"세종특별자치시 한누리대로 265, 명동프라자 501~504호 (나성동)",044-865-1190
122,한솔한의원,한의원,"세종특별자치시 누리로 110, 403,404호 (한솔동)",044-863-4455
123,메디컬뱅크치과의원,치과의원,"세종특별자치시 한누리대로 350, 뱅크빌딩 4층 2호 (어진동)",044-862-2873
124,디어트치과의원,치과의원,"세종특별자치시 한누리대로 2275, 알파메디컬센터 303~306호 (대평동)",1522-1998
125,세미이비인후과의원,의원,"세종특별자치시 한누리대로 1824, 301~303호 (반곡동)",044-715-7560
126,따뜻한 정신건강의학과의원,의원,"세종특별자치시 한누리대로 2257, 판타지타워 304호 (대평동)",044-715-7507
127,웰가정의학과의원,의원,"세종특별자치시 조치원읍 도원2로 39, 3층",044-868-7507
128,이도내과의원,의원,"세종특별자치시 한누리대로 2143, 금강시티타워 403~404호 (보람동)",044-905-2500
129,세종튼튼치과의원,치과의원,"세종특별자치시 한누리대로 1824, 401,402호 (반곡동)",044-866-2007
130,세종코아이비인후과의원,의원,"세종특별자치시 마음로 272-4, 고운메디프라자 201호 (고운동)",044-868-7585
131,반곡한의원,한의원,"세종특별자치시 한누리대로 1824, 조이프라자 405~406호 (반곡동)",044-216-6200
132,유앤성부부치과의원,치과의원,"세종특별자치시 한누리대로 1820, 왕관빌딩 407~408호 (반곡동)",044-862-7522
133,우리메디컬의원,의원,"세종특별자치시 고운서길 19, 세종 스마트큐브Ⅰ 301~303,305~308호 (고운동)",044-868-5375
134,세종맑은이비인후과의원,의원,"세종특별자치시 도움3로 105-7, 메디케어빌딩 303호 (종촌동)",044-862-2358
135,로뎀소아청소년과의원,의원,"세종특별자치시 다정중앙로 52, 페스티발2 402~404호 (다정동)",044-863-0033
136,반달한의원,한의원,"세종특별자치시 다정중앙로 57, 다정센타프라자 203호 (다정동)",044-903-0525
137,종촌제일연합내과의원,의원,"세종특별자치시 도움1로 106, 메가시티 610,615-1호 (종촌동)",044-715-7511
138,아낌없이주는나무한의원,한의원,"세종특별자치시 한누리대로 1820, 왕관빌딩 503-1,503-2,504호 (반곡동)",044-865-0002
139,생생당한의원,한의원,"세종특별자치시 한누리대로 2144, 스마트허브Ⅱ 301호 (보람동)",044-868-3284
140,바른치과의원,치과의원,"세종특별자치시 한누리대로 253, 에스빌딩 502호 (나성동)",044-868-2882
141,세종이안과의원,의원,"세종특별자치시 새롬중앙로 62-15, 해피라움W 403,404호 (새롬동)",044-868-7228
142,세종김연수피부과의원,의원,"세종특별자치시 새롬중앙로 64, 세종영광프라자 4층 402호 (새롬동)",044-866-7534
143,세종탑재활의학과의원,의원,"세종특별자치시 한누리대로 2018, 사이언스타운 501호, 506~508호호 (소담동)",044-864-1620
144,세종드림치과의원,치과의원,"세종특별자치시 한누리대로 2143, 금강시티타워 405,406호 (보람동)",044-868-2815
145,황실치과의원,치과의원,"세종특별자치시 한누리대로 2281, SM메디컬센터 410호 (대평동)",044-866-2888
146,세종하이치과의원,치과의원,"세종특별자치시 한누리대로 1828, 시드니블루 403호,404호호 (반곡동)",044-862-7700
147,동인한의원,한의원,"세종특별자치시 호려울로 19, 스마트허브Ⅲ 304호 (보람동)",044-715-7512
148,수앤미의원,의원,"세종특별자치시 한누리대로 583, 도담센트럴프라자 4층 401,402호 (도담동)",044-865-1174
149,정석이비인후과의원,의원,"세종특별자치시 조치원읍 새내로 97, 조치원메디컬센터 502호",044-715-7579
150,이편한홍치과의원,치과의원,세종특별자치시 연서면 봉암길 8,044-862-2811
151,서울이사랑치과의원,치과의원,"세종특별자치시 조치원읍 세종로 2282, 502호, 503호, 504호",044-864-2840
152,유성연합의원,의원,세종특별자치시 조치원읍 새내로 132,044-868-6617
153,세종양지한의원,한의원,"세종특별자치시 다정중앙로 39, 다정센터프라자2 401,402호 (다정동)",044-868-5003
154,독일브라운치과의원,치과의원,"세종특별자치시 마음로 272-3, 고운에듀프라자 303,304호 (고운동)",044-865-2929
155,세종서울정형외과의원,의원,"세종특별자치시 한누리대로 492, 청암빌딩 403,404,407호 (어진동)",044-862-8833
156,비쥬얼피부과의원,의원,"세종특별자치시 한누리대로 273, 새롬씨티 3층 302,303,304호 (나성동)",044-715-7585
157,더공감정신건강의학과의원,의원,"세종특별자치시 한누리대로 2135, 스타힐타워1 304호 (보람동)",044-715-7678
158,다정서문365정형외과의원,의원,"세종특별자치시 다정중앙로 52, 페스티발2 605~614호 (다정동)",044-865-1039
159,참좋은서울아산내과의원,의원,"세종특별자치시 다정중앙로 58, 다정메디프라자 5층 502~505호 (다정동)",044-866-5900
160,소신내과의원,의원,"세종특별자치시 한누리대로 589, 해피라움7 304,305-1,305-2,305-3,702-1,702-2호(도담동) (도담동)",044-862-8875
161,핑크유외과의원,의원,"세종특별자치시 한누리대로 492, 청암홈빌딩 501~504호 (어진동)",044-417-6688
162,본한의원,한의원,"세종특별자치시 한누리대로 2135, 스타힐타워1 201,202호 (보람동)",044-862-7755
163,목은한의원,한의원,"세종특별자치시 한누리대로 169, 세종행복타워 302호 (나성동)",044-868-4775
164,세종뷰티의원,의원,"세종특별자치시 한누리대로 492, 청암빌딩 405,406호 (어진동)",044-863-0492
165,잇츠미의원,의원,"세종특별자치시 한누리대로 253, 에스빌딩 302~304호 (나성동)",044-867-1108
166,약손한의원,한의원,"세종특별자치시 한누리대로 2236, 해들마을 6단지 상가동 2층 C214,C215호 (대평동)",044-867-1999
167,전의부부치과의원,치과의원,"세종특별자치시 전의면 운주산로 1191, 2층",044-862-2280
168,연세탑치과의원,치과의원,"세종특별자치시 조치원읍 조치원8길 6, 2층",044-863-2844
169,세종성모내과의원,의원,"세종특별자치시 한누리대로 492, 청암빌딩 401,402호 (어진동)",044-905-0606
170,서문365정형외과의원,의원,"세종특별자치시 한누리대로 2281, SM메디컬센터 3층 (대평동)",044-868-1039
171,세종고려정형외과의원,의원,"세종특별자치시 한누리대로 2143, 금강시티타워 303~306호 (보람동)",044-865-3888
172,다정소아청소년과의원,의원,"세종특별자치시 다정북로 109, 204,205호 (다정동, 가온마을3단지)",044-998-7711
173,해들치과의원,치과의원,"세종특별자치시 한누리대로 2257, 판타지타워 305호 (대평동)",044-862-2804
174,코끼리마취통증의학과의원,의원,"세종특별자치시 보듬3로 150, 아름 행복타워 502호 (아름동)",044-862-7505
175,세종김안과의원,의원,"세종특별자치시 보듬3로 150, 아름 행복타워 5층 501,502,503호 (아름동)",044-864-2360
176,서울아산내과의원,의원,"세종특별자치시 조치원읍 새내로 97, 2층, 7층",044-862-7559
177,세종제일산부인과의원,의원,"세종특별자치시 한누리대로 2265, 세종메디컬센터 5층, 6층층 (대평동)",044-866-3582
178,해들한의원,한의원,"세종특별자치시 한누리대로 2265, 세종메디컬센터 302,303호 (대평동)",044-868-7910
179,소망안과의원,의원,"세종특별자치시 한누리대로 2018, 사이언스타운 307,308호 (소담동)",044-868-8224
180,경희으뜸한의원,한의원,"세종특별자치시 다정중앙로 51, 더다정빌딩 2층 203호 (다정동)",044-868-1375
181,김만주정성치과의원,치과의원,"세종특별자치시 소담1로 16, 지엘플렉스2 404호 (소담동)",044-865-2080
182,이제한의원,한의원,"세종특별자치시 새롬중앙로 67, 오렌지빌딩 302, 303호 (새롬동)",044-715-7505
183,다정내과의원,의원,"세종특별자치시 다정중앙로 57, 다정센타프라자 306,307호 (다정동)",044-864-1911
184,엔연세감동치과의원,치과의원,"세종특별자치시 새롬중앙로 33, 새뜸프라자 303, 304호 (새롬동)",044-868-7523
185,라비에피부과의원,의원,"세종특별자치시 다정중앙로 51, 더다정빌딩 501,502,503호 (다정동)",044-864-5005
186,연세올바른치과의원,치과의원,"세종특별자치시 다정중앙로 58, 다정메디프라자 302,303호 (다정동)",044-862-2622
187,도란도란소아청소년과의원,의원,"세종특별자치시 다정중앙로 57, 다정센타프라자 303호 (다정동)",044-863-3275
188,아름누리소아청소년과의원,의원,"세종특별자치시 한누리대로 2022, 아이콤스타타워 402,403호 (소담동)",044-865-7522
189,도치소아치과의원,치과의원,"세종특별자치시 다정중앙로 51, 더다정빌딩 505호 (다정동)",044-865-5200
190,이룸한의원,한의원,"세종특별자치시 보듬4로 9, 4F-6호, 4F-7호호 (도담동, 도램마을11단지)",044-863-4107
191,세종숲정신건강의학과의원,의원,"세종특별자치시 도움1로 106, 메가시티 3층 301호 (종촌동)",044-865-7560
192,서산부인과의원,의원,"세종특별자치시 보듬3로 150, 아름 행복타워 3,4층 (아름동)",044-905-3575
193,하나로내과의원,의원,"세종특별자치시 조치원읍 새내로 102, 1,2층",044-862-5900
194,세종우리의원,의원,"세종특별자치시 다정중앙로 52, 페스티발2 510,511,512,513호 (다정동)",044-867-1170
195,연세세브란스치과의원,치과의원,"세종특별자치시 다정중앙로 57, 다정센타프라자 305호 (다정동)",044-715-5000
196,연세정담정신건강의학과의원,의원,"세종특별자치시 한누리대로 499, 세종포스트빌딩 201-3,301호 (어진동)",044-866-3824
197,경희부부한의원,한의원,"세종특별자치시 절재로 194, 중앙타운 301호 (어진동)",044-905-2200
198,블랑피부과의원,의원,"세종특별자치시 절재로 194, 중앙타운 301호,302(일부)호 (어진동)",044-905-1100
199,서울삼성이비인후과의원,의원,"세종특별자치시 한누리대로 275, 형성프라자 401~404호 (나성동)",044-864-1864
200,코끼리소아청소년과의원,의원,"세종특별자치시 한누리대로 2012, 코끼리타워 401호,402호 (소담동)",044-867-8867
201,정마취통증의학과의원,의원,"세종특별자치시 한누리대로 2016, 타임빌딩 401호,402호 (소담동)",044-905-3300
202,미애로여성의원,의원,"세종특별자치시 한누리대로 253, 에스빌딩 603호,604호 (나성동)",044-863-7475
203,바로선한의원,한의원,"세종특별자치시 새롬중앙로 33, 새뜸프라자 302호 (새롬동)",044-865-8572
204,서울굿닥터의원,의원,"세종특별자치시 새롬중앙로 55, 3층 (새롬동, 행운빌딩)",044-867-9933
205,고운소아청소년과의원,의원,"세종특별자치시 남세종로 454, 405호 (보람동, 강남제일타워)",044-868-9545
206,경희바른몸한의원,한의원,"세종특별자치시 한누리대로 2022, 504호,505호 (소담동, 아크레타 아이콤스타타워)",044-868-1015
207,연세감동치과의원,치과의원,"세종특별자치시 한누리대로 2022, 404호,405호 (소담동, 아크레타 아이콤스타타워)",044-868-7522
208,남부통합보건지소,보건지소,"세종특별자치시 새롬로 14, 3층 (새롬동)",044-301-2400
209,초목한의원,한의원,"세종특별자치시 새롬중앙로 55, 201호 (새롬동, 행운빌딩)",044-868-7520
210,소담튼튼소아청소년과의원,의원,"세종특별자치시 한누리대로 2016, 404호,405호 (소담동, 타임빌딩)",044-868-8276
211,새롬정형외과의원,의원,"세종특별자치시 새롬중앙로 34, 415호,416호,417호 (새롬동, 크리스마스빌딩)",044-998-3369
212,드림내과의원,의원,"세종특별자치시 새롬중앙로 55, 401호,402호403호 (새롬동, 행운빌딩)",044-715-7582
213,드림이비인후과의원,의원,"세종특별자치시 남세종로 458, 아리랑빌딩 201,202호 (보람동)",044-865-1275
214,세종드림연합의원,의원,"세종특별자치시 한누리대로 2264, 3층 (대평동, 씨티오브드림)",1577-4713
215,제일연합내과의원,의원,"세종특별자치시 새롬중앙로 62-15, 401호,402(일부)호 (새롬동, 해피라움W)",044-715-5501
216,힘내라신경외과의원,의원,"세종특별자치시 새롬중앙로 67, 503호,504호,505호,506호 (새롬동, 오렌지빌딩)",044-417-6881
217,새온치과의원,치과의원,"세종특별자치시 새롬중앙로 67, 304호 (새롬동, 오렌지빌딩)",044-867-2842
218,금동치과의원,치과의원,"세종특별자치시 새롬중앙로 62-15, 505호 (새롬동, 해피라움W)",044-866-9037
219,세종탑치과의원,치과의원,"세종특별자치시 새롬중앙로 59, 303호 (새롬동, 새롬빌딩)",044-715-7528
220,새롬한의원,한의원,"세종특별자치시 새롬중앙로 51, 303호 (새롬동, 에스월드빌딩)",044-863-8375
221,청심당한의원,한의원,"세종특별자치시 남세종로 454, 403호 (보람동, 강남제일타워)",044-866-1875
222,이안정신건강의학과의원,의원,"세종특별자치시 한누리대로 273, 새롬씨티 307,402,706,707호 (나성동)",044-999-1102
223,제이와이치과의원,치과의원,"세종특별자치시 새롬중앙로 64, 404호 (새롬동, 세종영광프라자)",044-867-5600
224,우리연합의원,의원,"세종특별자치시 남세종로 454, 404호 (보람동, 강남제일타워)",044-867-7803
225,다정한의원,한의원,"세종특별자치시 새롬중앙로 59, 302호 (새롬동, 새롬빌딩)",044-868-1090
226,새롬숲치과의원,치과의원,"세종특별자치시 새롬중앙로 34, 311호 (새롬동, 크리스마스빌딩)",044-999-2577
227,세종스타치과의원,치과의원,"세종특별자치시 나성로 125-16, 7~8층 (나성동, 스타타워)",044-905-2222
228,사상참경희한의원,한의원,"세종특별자치시 새롬중앙로 34, 408호 (새롬동, 크리스마스빌딩)",044-999-1075
229,바른우리치과교정과치과의원,치과의원,"세종특별자치시 새롬중앙로 64, 301~302호 (새롬동, 세종영광프라자)",044-998-2080
230,소담내과의원,의원,"세종특별자치시 한누리대로 2016, 302~309호 (소담동, 타임빌딩)",044-863-4100
231,오라클피부과의원,의원,"세종특별자치시 한누리대로 245, 404~405호 (나성동, 에스알파크원)",044-868-0075
232,유심한의원,한의원,"세종특별자치시 부강면 부강로 42, 105.106.107호",044-868-0375
233,이유경내과의원,의원,"세종특별자치시 한누리대로 2265, 세종메디컬센터 304~306호, 505호 (대평동)",044-868-0261
234,세종가톨릭정형외과의원,의원,"세종특별자치시 도움1로 106, 401~402호,405~408호,416호 (종촌동, 메가시티)",044-867-7171
235,상쾌한이비인후과의원,의원,"세종특별자치시 새롬중앙로 59, 403호 (새롬동, 새롬빌딩)",044-862-7584
236,평화당한의원,한의원,"세종특별자치시 새롬중앙로 47, 304호 (새롬동, 세움빌딩)",044-864-7600
237,심치과의원,치과의원,"세종특별자치시 새롬중앙로 47, 405호 (새롬동, 세움빌딩)",044-862-2871
238,더블유성형외과의원,의원,"세종특별자치시 한누리대로 245, 401호 (나성동, 에스알파크원)",044-863-6673
239,소리숨이비인후과의원,의원,"세종특별자치시 나성로 96, 더센트럴 421호 (나성동)",044-868-1177
240,봄뜰부부한의원,한의원,"세종특별자치시 남세종로 466, 303호 (보람동, 아평빌딩)",044-862-6193
241,서울소담치과의원,치과의원,"세종특별자치시 한누리대로 2018, 304~305호 (소담동, 사이언스타운)",044-865-2811
242,세종소담한의원,한의원,"세종특별자치시 한누리대로 2018, 407~408호 (소담동, 사이언스타운)",044-862-3500
243,두미소신경과의원,의원,"세종특별자치시 한누리대로 249, 에스제이타워 408~410,507호 (나성동)",044-867-6119
244,세종국민건강의원,의원,"세종특별자치시 가온로 8, 혜원빌딩 2~3층 (다정동)",1522-3466
245,코알이비인후과의원,의원,"세종특별자치시 한누리대로 2018, 사이언스타운 4층 403~406호 (소담동)",044-865-3650
246,연세고마운치과의원,치과의원,"세종특별자치시 한누리대로 249, 406~407호 (나성동, 에스제이타워)",044-866-2872
247,열린이비인후과의원,의원,"세종특별자치시 다정중앙로 45, 다정프라자 304호~305호 (다정동)",044-867-7550
248,세종보람치과의원,치과의원,"세종특별자치시 남세종로 466, 403호 (보람동, 아평빌딩)",044-863-7522
249,웰에스테의원,의원,"세종특별자치시 도움1로 106, 메가시티 409호 (종촌동)",044-863-8271
250,세종성모소아청소년과의원,의원,"세종특별자치시 한누리대로 2129, 스타힐타워Ⅱ 401~405,409,412~415호 (보람동)",044-865-4003
251,강남 더 뷰티 성형외과의원,의원,"세종특별자치시 한누리대로 169, 스타벅스 행복타워 303호,305호,308호 (나성동)",044-864-8008
252,참좋아치과의원,치과의원,"세종특별자치시 보듬3로 143, 304,305,306호 (아름동, 대영프라자)",044-864-8575
253,일희재한의원,한의원,"세종특별자치시 한누리대로 249, 307호 (나성동, 에스제이타워)",044-867-6262
254,현대정형외과의원,의원,"세종특별자치시 조치원읍 새내로 63, 2층",044-862-5161
255,나은정형외과의원,의원,"세종특별자치시 보듬3로 143, 502,503호 (아름동, 대영프라자)",044-863-7579
256,금강한의원,한의원,"세종특별자치시 조치원읍 조치원로 22, 4층",044-862-5310
257,서울아산신경외과의원,의원,"세종특별자치시 나성북로 9, 701,702호 (나성동, 메가타워1)",044-868-5288
258,장효길한의원,한의원,"세종특별자치시 한누리대로 2143, 407호 (보람동, 금강시티타워)",044-867-8758
259,더플랜트치과의원,치과의원,"세종특별자치시 아름서1길 13-12, 403,404호 (아름동, 제이디빌딩)",044-998-2875
260,경희고운한의원,한의원,"세종특별자치시 마음로 264, 301층 (고운동, 고운프라자)",044-864-9575
261,세종프라임치과의원,치과의원,"세종특별자치시 한누리대로 499, 402호 (어진동, 세종미디어프라자)",044-868-3522
262,수치과의원,치과의원,"세종특별자치시 절재로 194, 508호 (어진동, 중앙타운)",044-864-5369
263,이사랑치과의원,치과의원,"세종특별자치시 한누리대로 2257, 판타지타워 203호 (대평동)",044-868-0037
264,한사랑의원,의원,"세종특별자치시 도움1로 106, 메가시티 501,505,506,507호 (종촌동)",044-867-3569
265,현가한의원,한의원,"세종특별자치시 조치원읍 새내10길 12, 2층",044-865-1075
266,고운마음한의원,한의원,"세종특별자치시 고운서길 19, 304호 (고운동, 스마트큐브1)",044-863-7517
267,세종미소치과의원,치과의원,"세종특별자치시  한누리대로 2135, 302,303,301호 (보람동, 스타힐타워1) (보람동)",044-864-4936
268,서울삼성안과의원,의원,"세종특별자치시 도움1로 106, 메가시티 403,404,414호 (종촌동)",044-862-0014
269,세종항도외과의원,의원,"세종특별자치시 한누리대로 253, 503호 (나성동, 에스빌딩)",044-867-4475
270,삼성온가족치과의원,치과의원,"세종특별자치시 도움1로 106, 510호 (종촌동, 메가시티)",044-865-2843
271,라온소아청소년과의원,의원,"세종특별자치시 새롬중앙로 62-15, 해피라움W 303,304호 (새롬동)",044-866-1350
272,산돌한의원,한의원,"세종특별자치시 도움1로 106, 메가시티 502,508,509,514호 (종촌동)",044-865-7585
273,유소아청소년과의원,의원,"세종특별자치시 도움1로 108, 408.409호 (종촌동, 몰리브)",044-866-8025
274,세종시원마취통증의학과의원,의원,"세종특별자치시 보듬3로 100, 해피라움1 201~203호 (아름동)",044-867-7585
275,세종우리성모안과의원,의원,"세종특별자치시 한누리대로 273, 601~604호 (나성동)",044-864-3370
276,매일연합의원,의원,"세종특별자치시 절재로 154, 1층 (어진동, 홈플러스 세종점)",044-864-7975
277,올마취통증의학과의원,의원,"세종특별자치시 도움3로 105-7, 403.404.405호 (종촌동, 메디케어)",044-863-0648
278,브이유의원,의원,"세종특별자치시 나성북로 21, 센트럴타워 506호 (나성동)",044-866-6222
279,도담민들레치과의원,치과의원,"세종특별자치시 보듬3로 8-27, 403-1호 (도담동, 새한빌딩)",044-865-0102
280,세종함소아한의원,한의원,"세종특별자치시 보듬3로 143, 405,406호 (아름동, 대영프라자)",044-868-8333
281,연세럭스치과의원,치과의원,"세종특별자치시 보듬3로 100, 해피라움1 204,205호 (아름동)",044-864-2804
282,세종금남치과의원,치과의원,"세종특별자치시 금남면 용포로 80, 2층",044-863-5275
283,에이스한의원,한의원,"세종특별자치시 보듬3로 100, 405-2호 (아름동, 해피라움1)",044-867-1076
284,365 열린연합의원,의원,"세종특별자치시 마음로 74, 302.303호 (고운동, 그랜드프라자)",044-864-7757
285,박소영한의원,한의원,"세종특별자치시 도움1로 108, 413호 (종촌동, 몰리브)",044-865-7075
286,세종제이피부과의원,의원,"세종특별자치시 보듬3로 92, 해피라움2 403,404,405호 (아름동)",044-865-1675
287,숨편한한의원,한의원,"세종특별자치시 도움1로 108, 402-2.420호 (종촌동, 몰리브)",044-866-0175
288,화이트부부치과의원,치과의원,"세종특별자치시 도움1로 108, 410.411호 (종촌동, 몰리브)",044-865-2835
289,최훈내과의원,의원,"세종특별자치시 보듬3로 91, 303.304호 (아름동, 해피라움4)",044-865-5575
290,연세크리스마스치과의원,치과의원,"세종특별자치시 마음로 70, 302.303호 (고운동, 에셀프라자)",044-865-2075
291,스마일치과의원,치과의원,"세종특별자치시 마음로 74, 그랜드프라자 202,203호 (고운동)",044-863-8575
292,광제중국한의원,한의원,"세종특별자치시 조치원읍 조치원로 42, 2층",044-865-8338
293,이병진치과의원,치과의원,"세종특별자치시 조치원읍 조치원로 7, 3층",044-862-2812
294,자연치유한의원,한의원,"세종특별자치시 금남면 청룡안길 114-112, 1.2동 2.3층",044-864-0080
295,위대한내과의원,의원,"세종특별자치시 절재로 194, 505호,506호 (어진동, 중앙타운)",044-865-3375
296,세종연합비뇨기과의원,의원,"세종특별자치시 한누리대로 273, 새롬씨티 403,404,407,408호 (나성동)",044-867-2800
297,스마트정신건강의학과의원,의원,"세종특별자치시 절재로 194, 504호 (어진동, 세종드림)",044-862-7392
298,아이닉안과의원,의원,"세종특별자치시 절재로 194, 403,404호 (어진동, 세종드림)",044-868-1288
299,고운맘소아청소년과의원,의원,"세종특별자치시 마음로 70, 304호 (고운동, 에셀프라자)",044-862-5252
300,두리이비인후과의원,의원,"세종특별자치시 절재로 194, 중앙타운 801,802호 (어진동)",044-865-7577
301,삼성마음그린정신건강의학과의원,의원,"세종특별자치시 한누리대로 253, 에스빌딩 301호 (나성동)",044-867-1000
302,제일마취통증의학과의원,의원,"세종특별자치시 절재로 194, 604호 (어진동, 세종드림)",044-862-0008
303,빛을보는치과의원,치과의원,"세종특별자치시 절재로 194, 중앙타운 401,402,405호 (어진동)",044-867-1575
304,행복경희한의원,한의원,"세종특별자치시 고운서길 10, 303호 (고운동, 대현빌딩)",044-867-7599
305,성원치과의원,치과의원,"세종특별자치시 절재로 194, 408.409호 (어진동, 세종드림)",044-868-6091
306,세종다사랑가정의학과의원,의원,"세종특별자치시 도움3로 105-7, 401호 (종촌동, 메디케어)",044-863-7523
307,세종시365으랏차한의원,한의원,"세종특별자치시 절재로 194, 중앙타운 413호, 414호 (어진동)",044-864-5671
308,패밀리치과의원,치과의원,"세종특별자치시 달빛로 47, 301호 (종촌동, 종촌파크프라자)",044-866-2804
309,맑은내과외과의원,의원,"세종특별자치시 달빛로 45, The Riverside 401~404, 503호 (종촌동)",044-863-6777
310,첫마을치과의원,치과의원,"세종특별자치시 한누리대로 165, 세종메디피아 302,303호 (나성동)",044-867-2275
311,세종 정형외과의원,의원,"세종특별자치시 한누리대로 583, 도담센트럴프라자 501,502,506호 (도담동)",044-867-2191
312,세종 쉼 정신건강의학과의원,의원,"세종특별자치시 한누리대로 583, 503호 (도담동, 도담센트럴프라자)",044-864-1181
313,세종내과의원,의원,"세종특별자치시 보듬3로 6, 204.205호 (도담동, 라온프라이빗시티2상가)",044-868-1070
314,건강한 가족의원,의원,"세종특별자치시 보듬3로 8-12, 101-2.102호 (도담동, 라온프라이빗시티1상가)",044-858-7555
315,세종퍼스트피부과의원,의원,"세종특별자치시 달빛로 59, 호만빌딩 601~603호 (종촌동)",044-864-9969
316,세종미즈산부인과의원,의원,"세종특별자치시 도움3로 105-5, 504호 (종촌동, 종촌중앙프라자)",044-868-3582
317,유 앤이 내과의원,의원,"세종특별자치시 도움3로 105-5, 501.502.503.507호 (종촌동, 종촌중앙프라자)",044-862-7511
318,신 치과의원,치과의원,"세종특별자치시 장군면 장척로 407, 2층",044-864-2827
319,율제한의원,한의원,"세종특별자치시 도움3로 105-7, 302호 (종촌동, 메디케어빌딩)",044-417-1585
320,세종연세에스의원,의원,"세종특별자치시 한누리대로 265, 명동프라자 403~405호 (나성동)",044-864-8610
321,웰키즈소아청소년과의원,의원,"세종특별자치시 보듬3로 95, 해피라움3 307,308,309-1,310-2,401~5,410,603~8,705~6호(아름동) (아름동)",044-868-4880
322,서울바른이치과의원,치과의원,"세종특별자치시 다정중앙로 39, 다정센터프라자2 504호 (다정동)",044-863-2282
323,도담도담 소아청소년과의원,의원,"세종특별자치시 보듬3로 6, 212호 (도담동, 라온프라이빗시티2상가)",044-867-3211
324,세종어린이치과의원,치과의원,"세종특별자치시 보듬3로 91, 305호 (아름동, 해피라움4상가)",044-865-7502
325,모드니 치과의원,치과의원,"세종특별자치시 금송로 687, 3층 (가람동, 이마트세종점)",044-864-2876
326,우리치과의원,치과의원,"세종특별자치시 도움3로 105-5, 402.403호 (종촌동, 종촌중앙프라자)",044-865-0231
327,바른명치과의원,치과의원,"세종특별자치시 한누리대로 583, 도담센트럴프라자 302,303,304,504,505호 (도담동)",044-864-2824
328,좋은하루 치과의원,치과의원,"세종특별자치시 보듬4로 9, 3층 8,9호 (도담동, 도램마을11단지)",044-998-7599
329,좋은하루이비인후과의원,의원,"세종특별자치시 보듬4로 9, 3층 6,7호 (도담동, 도램마을11단지)",044-998-7582
330,맘애든치과의원,치과의원,"세종특별자치시 도움3로 105-8, 501.502호 (종촌동, 신목빌딩)",044-862-2874
331,경희한의원,한의원,"세종특별자치시 한누리대로 583, 도담센트럴프라자 403호 (도담동)",044-862-1025
332,씨엘비뇨기과의원,의원,"세종특별자치시 도움3로 105-5, 603.604호 (종촌동, 종촌중앙프라자)",044-865-0052
333,계림한의원,한의원,"세종특별자치시 다정중앙로 58, 다정메디프라자 403호 (다정동)",044-868-2355
334,바른한의원,한의원,"세종특별자치시 달빛로 59, 호만빌딩 203호,301호,302호 (종촌동)",044-868-0380
335,두치과의원,치과의원,"세종특별자치시 달빛로 59, 402.403.404호 (종촌동, 호만빌딩)",044-868-2877
336,정토한의원,한의원,"세종특별자치시 보듬3로 92, 303호 (아름동, 해피라움2상가)",044-863-7588
337,세종서울치과의원,치과의원,"세종특별자치시 도움3로 105-7, 501호 (종촌동, 메디케어빌딩)",044-863-7528
338,우리이비인후과의원,의원,"세종특별자치시 보듬3로 92, 409호 (아름동, 해피라움2상가)",044-865-8575
339,세움소아청소년과의원,의원,"세종특별자치시 보듬3로 92, 310호 (아름동, 해피라움2상가)",044-862-6075
340,세움치과의원,치과의원,"세종특별자치시 보듬3로 92, 310호 (아름동, 해피라움2상가)",044-862-2755
341,세종속편한내과의원,의원,"세종특별자치시 보듬3로 95, 해피라움3 3층 301,302,304-2,305호 (아름동)",044-862-1401
342,세종아이소아청소년과의원,의원,"세종특별자치시 달빛로 59, 303.304호 (종촌동, 호만빌딩)",044-864-0800
343,강남치과의원,치과의원,"세종특별자치시 금남면 용포로 63, 2층",044-867-7528
344,세종베스트치과의원,치과의원,"세종특별자치시 보듬3로 92, 407.408호 (아름동, 해피라움2상가)",044-865-7528
345,아름치과의원,치과의원,"세종특별자치시 보듬3로 92, 206.207호 (아름동, 해피라움2상가)",044-863-2833
346,크로바내과의원,의원,"세종특별자치시 한누리대로 253, 606~607호 (나성동, 에스빌딩)",044-863-7975
347,킹세종 이비인후과의원,의원,"세종특별자치시 한누리대로 492, 청암빌딩 303,304호 (어진동)",044-868-1443
348,세종반석정형외과의원,의원,"세종특별자치시 한누리대로 157, 601-609호 (나성동, 금강프라자)",044-863-7551
349,아름 한의원,한의원,"세종특별자치시 보듬3로 104-19, 303호 (아름동, 세석빌딩)",044-868-9600
350,박승룡한의원,한의원,"세종특별자치시 달빛로 47, 202호 (종촌동, 종촌파크프라자)",044-867-2075
351,지에프정형외과의원,의원,"세종특별자치시 달빛로 43, 3층 (종촌동, 금강빌딩)",044-868-7506
352,서울굿모닝치과의원,치과의원,"세종특별자치시 도움3로 105-5, 505.506호 (종촌동, 종촌중앙프라자)",044-865-2833
353,이삭소아청소년과의원,의원,"세종특별자치시 한누리대로 169, 세종행복타워 301,307,401호 (나성동)",044-865-8275
354,곰돌이 소아청소년과의원,의원,"세종특별자치시 달빛로 47, 302호 (종촌동, 종촌파크프라자)",044-866-0275
355,서울좋은치과의원,치과의원,"세종특별자치시 한누리대로 193, 301호 (나성동, 참미르빌딩)",044-862-7528
356,세종상신한의원,한의원,"세종특별자치시 한누리대로 193, 303호 (나성동, 참미르메디칼)",044-867-8275
357,한사랑메디칼의원,의원,"세종특별자치시 누리로 106, 302호 (한솔동, 송원프라자)",044-866-7580
358,세종프라우메디산부인과의원,의원,"세종특별자치시 한누리대로 165 (나성동, 세종메디피아6,7층)",044-716-1000
359,누리마루치과의원,치과의원,"세종특별자치시 도움8로 81, A동 301호 (어진동)",044-865-2275
360,새봄빛한의원,한의원,"세종특별자치시 부강면 부강로 53, 2층 201호 (세종클리닉)",044-868-1075
361,세종대일당한의원,한의원,"세종특별자치시 한누리대로 157 (나성동, 금강프라자 503호)",044-866-0002
362,세종플란트 치과의원,치과의원,"세종특별자치시 한누리대로 157 (나성동, 금강프라자,304호)",044-868-2875
363,유한의원,한의원,"세종특별자치시 조치원읍 군청로 88, 1층",044-868-9677
364,세종경희한의원,한의원,"세종특별자치시 한누리대로 165, 세종메디피아 310호 (나성동)",044-864-1075
365,임재욱한의원,한의원,세종특별자치시 조치원읍 충현로 47,044-862-3333
366,햇님한의원,한의원,"세종특별자치시 소담1로 16, 지엘플렉스2 302호 (소담동)",044-866-6777
367,세종치과의원,치과의원,"세종특별자치시 전의면 만세길 5, 2층",044-862-7035
368,여러분소통내과의원,의원,"세종특별자치시 조치원읍 새내로 88-1, 3층",044-864-7588
369,한솔퍼스트치과의원,치과의원,"세종특별자치시 새롬중앙로 62-15, 201호 (새롬동, 해피라움W)",044)866-2275
370,세종소아청소년과의원,의원,"세종특별자치시 한누리대로 157, 405호 (나성동, 금강프라자)",044-866-1275
371,최진웅치과의원,치과의원,"세종특별자치시 조치원읍 새내로 122, 메가박스(외 1필지 세종시네마 1동) 204호",044-866-2835
372,마음그린한의원,한의원,세종특별자치시 조치원읍 새내6길 3,044-866-7510
373,세종한의원,한의원,"세종특별자치시 금남면 용포로 64, 1.2층",044-866-2011
374,부강한의원,한의원,세종특별자치시 부강면 부강1길 5,044-275-8155
375,장동석내과의원,의원,"세종특별자치시 조치원읍 새내로 122, 메가박스 3층 306,307,308,309,310,311,312호",044-868-8841
376,둥구나무한의원,한의원,"세종특별자치시 금남면 용포로 80, 3층",044-866-7555
377,부강부부치과의원,치과의원,"세종특별자치시 부강면 부촌길 39, 1층",044-275-2855
378,행복한의원,한의원,세종특별자치시 장군면 장척로 405-2,044-856-0075
379,서울연합외과의원,의원,"세종특별자치시 조치원읍 조치원로 22, 3층",044-865-3838
380,원한의원,한의원,세종특별자치시 전의면 장터길 2-1,044-866-1122
381,부부치과의원,치과의원,"세종특별자치시 조치원읍 도원2로 39, 2층",044-868-2275
382,문치과의원,치과의원,세종특별자치시 조치원읍 대첩로 75,044-862-2875
383,플러스치과의원,치과의원,세종특별자치시 조치원읍 허만석로 60-1 (플러스타운 A동 201호),044-867-2870
384,부강면보건지소,보건지소,세종특별자치시 부강면 부강5길 38 (부강면사무소),044-301-2232
385,대성한의원,한의원,세종특별자치시 조치원읍 도원2로 39,044-862-3375
386,경희일구한의원,한의원,세종특별자치시 조치원읍 새내로 88-2,044-863-7719
387,서울연합의원,의원,"세종특별자치시 소정면 소정구길 164, 103,201호",044-523-3375
388,김승환이비인후과의원,의원,세종특별자치시 조치원읍 새내로 88-1,041-862-8575
389,다솜가정의학과의원,의원,세종특별자치시 조치원읍 도원1로 16 (푸르지오 상가 208. 209호),044-865-0075
390,이은경소아청소년과의원,의원,세종특별자치시 조치원읍 새내로 77,044-868-3414
391,고명철정형외과의원,의원,세종특별자치시 조치원읍 새내로 77,044-865-3414
392,연세가정의학과의원,의원,세종특별자치시 조치원읍 대첩로 17,044-863-8275
393,제중한의원,한의원,세종특별자치시 조치원읍 조치원로 31-1,044-866-3331
394,다인치과의원,치과의원,"세종특별자치시 조치원읍 새내9길 3, 2,3층",044-868-7527
395,하나의원,의원,"세종특별자치시 조치원읍 조치원로 42, 1층",044-864-7612
396,금빛한의원,한의원,"세종특별자치시 조치원읍 조치원4길 16, 1층",044-862-1358
397,서울신통마취통증의학과의원,의원,"세종특별자치시 조치원읍 새내로 97, 3층",044-862-7582
398,성모안과의원,의원,"세종특별자치시 조치원읍 새내로 97, 601호",044-868-0021
399,대중한의원,한의원,세종특별자치시 전의면 만세길 22,044-863-5253
400,홍은표외과의원,의원,"세종특별자치시 조치원읍 새내로 122, 메가박스 210~212호",044-863-7502
401,세종영상의학과의원,의원,"세종특별자치시 금남면 용포로 116, 3층",044-866-0009
402,보성치과의원,치과의원,세종특별자치시 조치원읍 조치원2길 5,044-865-8879
403,굿모닝가정의학과의원,의원,세종특별자치시 조치원읍 으뜸길 208,044-868-7582
404,누가치과의원,치과의원,"세종특별자치시 조치원읍 새내로 88-1, 4층",041-864-2872
405,신화비뇨기과의원,의원,세종특별자치시 조치원읍 조치원1길 6,044-865-9999
406,예림한의원,한의원,세종특별자치시 연서면 당산로 345,044-868-8880
407,선비뇨기과의원,의원,세종특별자치시 조치원읍 조치원로 26,044-868-8866
408,부영의원,의원,"세종특별자치시 부강면 부강로 37-1, 1~2층",044-275-3782
409,세종더튼튼의원,의원,"세종특별자치시 한누리대로 1820, 왕관빌딩 4층 404, 405-1호 (반곡동)",044-862-9680
410,문내과의원,의원,세종특별자치시 조치원읍 조치원로 22,044-867-6551
411,이편한치과의원,치과의원,"세종특별자치시 조치원읍 새내로 97, 4층 1호",044-864-2875
412,연세신경외과의원,의원,세종특별자치시 조치원읍 새내로 75,041-865-2116
413,하얀치과의원,치과의원,세종특별자치시 조치원읍 조치원로 30,044-866-6200
414,한사랑산부인과의원,의원,"세종특별자치시 조치원읍 새내로 122 (세종시네마 1동 301호, 302호, 303호, 304호,305호)",044-867-8433
415,윤치과의원,치과의원,세종특별자치시 조치원읍 조치원로 38,041-8674-1112
416,부부내과의원,의원,세종특별자치시 금남면 용포로 113,044-866-0345
417,한마음의원,의원,세종특별자치시 부강면 부강4길 10,044-277-6446
418,양규준산부인과의원,의원,세종특별자치시 조치원읍 새내로 96,044-862-8811
419,제일신경과의원,의원,"세종특별자치시 조치원읍 새내로 88-1, 2층",044-862-8275
420,새서울치과의원,치과의원,세종특별자치시 금남면 용포로 113,044-866-2875
421,중앙의원,의원,세종특별자치시 전의면 읍내길 20,044-862-4408
422,서울치과의원,치과의원,"세종특별자치시 조치원읍 새내로 91, 1.2.3층",044-867-2875
423,이안과의원,의원,세종특별자치시 조치원읍 새내로 98,041-866-7863
424,소정면보건지소,보건지소,"세종특별자치시 소정면 소정구길 201, 소정면보건지소",044-301-2292
425,김내과의원,의원,세종특별자치시 조치원읍 새내로 98,044-862-3575
426,백상한의원,한의원,세종특별자치시 조치원읍 새내10길 13,044-865-0945
427,김진용치과의원,치과의원,세종특별자치시 조치원읍 조치원로 22,041-866-9281
428,우리들의원,의원,세종특별자치시 장군면 장척로 401,044-857-2345
429,정비뇨기과의원,의원,"세종특별자치시 조치원읍 새내로 97, 4층 402호",044-867-5350
430,유경의원,의원,세종특별자치시 부강면 부강2길 14,044-275-2160
431,장현진정형외과의원,의원,세종특별자치시 조치원읍 조치원로 62,044-863-1150
432,백내과의원,의원,"세종특별자치시 조치원읍 조치원2길 5, 2~4층",044-862-3838
433,성가정신건강의학과의원,의원,"세종특별자치시 조치원읍 새내로 97, 5층 1호",044-867-5357
434,중앙외과의원,의원,세종특별자치시 조치원읍 새내4길 3,044-867-0001
435,부강제일의원,의원,세종특별자치시 부강면 부강5길 11-1,044-275-3330
436,태화당한의원,한의원,세종특별자치시 조치원읍 새내로 98,044-865-1991
437,송태영치과의원,치과의원,세종특별자치시 조치원읍 조치원로 31-1,044-865-2821
438,박성섭한의원,한의원,세종특별자치시 조치원읍 조치원4길 6,044-865-1985
439,누가연합의원,의원,세종특별자치시 전의면 읍내길 7,044-863-0494
440,부강수플란트치과의원,치과의원,세종특별자치시 부강면 부촌길 29,044-275-5585
441,서울외과의원,의원,세종특별자치시 조치원읍 새내로 68-1,044-863-4912
442,박종석치과의원,치과의원,세종특별자치시 조치원읍 장안로 1,044-862-4500
443,전의면보건지소,보건지소,세종특별자치시 전의면 만세길 20-12,044-301-2273
444,쌍류보건진료소,보건진료소,세종특별자치시 연서면 도신고복로 427,044-863-0176
445,연기면보건지소,보건지소,"세종특별자치시 연기면 당산로 154, 지1층",044-301-2212
446,와촌보건진료소,보건진료소,세종특별자치시 연서면 용연로 635,041-863-4700
447,금남면보건지소,보건지소,"세종특별자치시 금남면 용포로 57, 금남면보건지소",044-301-2243
448,연동면보건지소,보건지소,"세종특별자치시 연동면 장욱진로 7, 연동면 복합커뮤니티센터",044-301-2223
449,전동면보건지소,보건지소,세종특별자치시 전동면 운주산로 386,044-301-2282
450,연서면보건지소,보건지소,세종특별자치시 연서면 대첩로 238,044-301-2262
451,장군면보건지소,보건지소,세종특별자치시 장군면 장척로 398-3,044-301-2252
452,성심외과의원,의원,세종특별자치시 조치원읍 새내로 113,044-865-3616
453,이내과의원,의원,세종특별자치시 조치원읍 조치원로 31,044-865-3571
454,송곡보건진료소,보건진료소,세종특별자치시 전동면 금이로 184,044-867-1665
455,세종특별자치시보건소,보건소,"세종특별자치시 조치원읍 대첩로 32, 세종특별자치시보건소",044-301-2000
456,응암보건진료소,보건진료소,세종특별자치시 연동면 송암로 246 (응암보건진료소),041-864-9202
457,이종선치과의원,치과의원,세종특별자치시 조치원읍 조치원로 31,044-865-6352
458,황용보건진료소,보건진료소,세종특별자치시 금남면 금남구즉로 487,044-867-8865
459,양곡보건진료소,보건진료소,세종특별자치시 전의면 양지편길 17 (양곡보건진료소),044-867-3471
460,송학보건진료소,보건진료소,세종특별자치시 장군면 황미창말길 5-4 (송학보건진료소),044-852-0564
461,전의의원,의원,세종특별자치시 전의면 읍내길 13,044-863-2828
